{"18 Hart": {"Temperature at 3.2m": 35.11, "Annual Rainfall": 323.8, "Pyranometer": 734.2882, "Total Rainfall": 323.8, "Daily Rainfall": 323.8, "Vertical Temp Diff 10m - 3.2m": -0.46999999999999886, "Temperature at 10m": 34.64, "Wind Speed at 2m": 16.78, "Vertical Temp Diff 10m - 1m": -2.72, "BP": 983.64, "AT": 37.36, "WS": 20.25, "GFDI": 22.35530888072527, "RH": 12.3525, "Location": [-33.75, 138.40999999999997]}, "19 Clare": {"Location": [-33.82, 138.63]}, "30 Halbury": {"Location": [-34.62, 138.42]}, "17 Snowtown": {"Temperature at 3.2m": 37.08, "Annual Rainfall": 4.4, "Total Rainfall": 4.4, "Solar Radiation": 956.19, "Temperature at 10m": 36.5, "Wind Speed at 2m": 7.68, "Vertical Temp Diff 10m - 1m": -2.87, "BP": 993.04, "AT": 39.37, "WS": 7.88, "GFDI": 8.60222804257723, "RH": 12.582, "Location": [-33.78, 138.30999999999995]}, "Barunga Gap": {"Location": [-33.81455, 138.110454]}, "09 Spalding": {"Temperature at 3.2m": 36.08, "Solar Radiation": 819.487, "Annual Rainfall": 10, "Total Rainfall": 10, "Location": [-33.46, 138.64], "Temperature at 10m": 35.36, "Wind Speed at 2m": 15.73, "BP": 971.22, "Vertical Temp Diff 10m - 1m": -1.34, "WS": 18.31, "GFDI": 19.677378109716248, "RH": 14.0355, "AT": 36.7}, "BOM": {"WG": 39, "WD": "S", "Location Name": "BOM", "RF": 0, "WS": 26, "AT": 34.9, "BP": 1007.6, "TD": 14.5, "RH": 22, "GFDI": 25.741801469252696, "DP": 10, "Location": [-33.8, 138.2]}, "BOM Roseworthy": {"WG": 20, "WD": 270, "Location Name": "BOM Roseworthy", "RF": 0, "BP": 1008.1, "AT": 37.6, "WS": 11, "TD": 18.2, "RH": 12, "GFDI": 11.571779614055036, "DP": 3.4, "Location": [-34.51, 138.68000000000006]}, "13 Yacka": {"Temperature at 3.2m": 29.9, "Annual Rainfall": 2.2, "Total Rainfall": 2.2, "Solar Radiation": 194.97, "Temperature at 10m": 29.04, "Wind Speed at 2m": 20.99, "Vertical Temp Diff 10m - 1m": -1.67, "BP": 983.88, "AT": 30.71, "WS": 26.56, "GFDI": 23.877393960556837, "RH": 21.761999999999997, "Location": [-33.62, 138.41999999999996]}, "10 Willalo": {"Location": [-33.48, 138.80999999999995]}, "31 Navan": {"Location": [-34.21, 138.74]}, "00 Overview and User Manual": {"Location": [-33.15, 138.10000000000002]}, "12 Brinkworth": {"Location": [-33.68831, 138.29991100000007]}, "23 Nantawarra": {"Temperature at 3.2m": 36.41, "Annual Rainfall": 6, "Total Rainfall": 6, "Solar Radiation": 735.7177, "Location": [-34, 138.26999999999998], "Temperature at 10m": 35.06, "Wind Speed at 2m": 19.97, "BP": 987.01, "AT": 37.59, "WS": 25.89, "GFDI": 35.01898794308272, "RH": 12.9645, "Vertical Temp Diff 10m - 1m": -2.53}, "34 Pinery": {"Temperature at 3.2m": 36.28, "Annual Rainfall": 168.2, "Total Rainfall": 168.2, "Solar Radiation": 749.437, "Temperature at 10m": 35.96, "Wind Speed at 2m": 10.65, "Vertical Temp Diff 10m - 1m": -1.82, "BP": 1002.36, "AT": 37.78, "WS": 13.98, "GFDI": 14.8510014587815, "RH": 12.854, "Location": [-34.34, 138.48000000000002]}, "Sth Hummocks": {"Location": [-34.00645, 138.08032000000003]}, "28 Bowmans": {"Temperature at 3.2m": 37.38, "Solar Radiation": 764.7017, "Annual Rainfall": 6.4, "Total Rainfall": 6.4, "Temperature at 10m": 36.42, "Wind Speed at 2m": 13.84, "Vertical Temp Diff 10m - 1m": -2.72, "BP": 1001.45, "AT": 39.14, "WS": 15.7, "GFDI": 17.83093529704556, "RH": 12.7945, "Location": [-34.18, 138.24]}, "03 Gladstone": {"Temperature at 3.2m": 36, "Annual Rainfall": 16.6, "Total Rainfall": 16.6, "Solar Radiation": 664.3156, "Location": [-33.28, 138.29999999999995], "Temperature at 10m": 16.9, "Wind Speed at 2m": 13.27, "BP": 985.9, "Vertical Temp Diff 10m - 1m": -21.65, "WS": 16.01, "GFDI": 17.85093003329762, "RH": 13.041, "AT": 38.55}, "BOM Snowtown": {"WG": 33, "WD": 315, "Location Name": "BOM Snowtown", "RF": 0, "WS": 20, "AT": 38.5, "BP": 1008.1, "TD": 18.6, "RH": 12, "GFDI": 24.916166117793125, "DP": 4.1, "Location": [-33.8, 138.20000000000005]}, "Mundoora": {"Location": [-33.65187, 138.05317000000002]}, "90 ErrorCheck": {"Location": [-34.16749, 138.38048000000003]}, "21 Farrell Flat": {"Location": [-33.82, 138.80999999999995]}, "05 Jamestown": {"Location": [-33.21164, 138.64328]}, "15 Booborowie": {"Location": [-34.33752, 138.48054000000002]}, "29 Balaklava": {"Temperature at 3.2m": 36.61, "Annual Rainfall": 60.8, "Total Rainfall": 60.8, "Solar Radiation": 681.6459, "Temperature at 10m": 36.09, "Wind Speed at 2m": 12, "Vertical Temp Diff 10m - 1m": -1.52, "BP": 1003.1, "AT": 37.61, "WS": 13.09, "GFDI": 14.086925629019813, "RH": 11.9105, "Location": [-34.17, 138.38]}, "BOM Port Pirie": {"WG": 13, "WD": 270, "Location Name": "BOM Port Pirie", "RF": 0, "BP": 1007.9, "AT": 38.4, "WS": 7, "TD": 17, "RH": 17, "GFDI": 6.6494959586644375, "DP": 9, "Location": [-33.24, 138]}, "24 Hoyleton": {"Temperature at 3.2m": 36.68, "Annual Rainfall": 15.2, "Total Rainfall": 15.2, "Solar Radiation": 271.03, "Temperature at 10m": 35.81, "Wind Speed at 2m": 15.77, "Vertical Temp Diff 10m - 1m": -2.7, "BP": 989.19, "AT": 38.51, "WS": 18.42, "GFDI": 21.801443068488126, "RH": 12.5735, "Location": [-34.02, 138.5]}, "BOM Clare": {"WG": 24, "WD": 225, "Location Name": "BOM Clare", "RF": 0, "WS": 13, "AT": 35.5, "BP": 1009, "TD": 17, "RH": 14, "GFDI": 12.364576170037802, "DP": 3.9, "Location": [-33.82, 138.59000000000003]}, "26 Saddleworth": {"Location": [-34.33752, 138.48054000000002]}, "08 Gulnare": {"Temperature at 3.2m": 35.24, "Annual Rainfall": 7.2, "Total Rainfall": 7.2, "Solar Radiation": 865.8645, "Location": [-33.47, 138.46000000000004], "Temperature at 10m": 34.68, "Wind Speed at 2m": 19.01, "BP": 976.4, "Vertical Temp Diff 10m - 1m": -2.23, "WS": 22.43, "GFDI": 26.934446883185828, "RH": 13.5425, "AT": 36.91}, "14 Spalding South": {"Temperature at 3.2m": 34.27, "Annual Rainfall": 0.6, "Total Rainfall": 0.6, "Solar Radiation": 688.0555, "Temperature at 10m": 33.5, "Wind Speed at 2m": 18.86, "Vertical Temp Diff 10m - 1m": -2.46, "BP": 976.4, "AT": 35.96, "WS": 21.51, "GFDI": 23.776914241083634, "RH": 14.749500000000001, "Location": [-33.59, 138.60000000000002]}}
